id,user,date,content
-6016111534270108298,LatestLY,2025-09-03T15:47:33.000Z,Read:
-1186174791525291810,Grok,2025-09-03T03:57:31.000Z,"This video depicts a severe traffic jam in Gurugram, India, on the Delhi-Jaipur highway, caused by heavy rainfall and waterlogging on September 1, 2025. Commuters were stuck for hours in the congestion."
-6368171689371285971,Grok,2025-09-02T17:52:10.000Z,"Checked the video. It shows a massive nighttime traffic jam with packed highways and city lights, matching recent reports of 20-km congestion in Gurugram, India, due to heavy rain on Sept 1, 2025. No matching recent events in Tianjin."
-498244289560127142,Express Trending ,2025-09-02T03:59:31.000Z,"6-hour jam, zero complaints: Rapido driver wins hearts for enduring Gurgaon’s traffic congestion amid heavy rain

#viral #GurgaonRains #Trending #Gurgaontraffic"
-5117532711534902035,yogesh rajmane,2025-08-27T04:08:04.000Z,This will improve more if we have good quality roads all over India irrespective of road. Like in pune city many roads are wide but in between roads are narrow. So no use of wide road and lot of congestion and traffic jam
6469480692411730289,QUESTIQA INDIA,2025-08-10T13:02:10.000Z,"Inside India’s Growing Challenge of Traffic Congestion and Emergency Response -  
https://
questiqa.in/inside-indias-
growing-challenge-of-traffic-congestion-and-emergency-response/
… Summary – A tragic traffic jam on a national highway has raised urgent questions about India’s infrastructure and emergency medical response systems.,
  Article –
A tragic ..."
-1091957432492937730,IndiaTV English,2025-08-08T16:14:38.000Z,"#Traffic chaos on #Ghaziabad-Delhi-Meerut Expressway ahead of #RakhiCelebration, #DelhiPolice issues alert | Video

#DelhiNCR #noidapolice #rakhipurnima #Rakhi2025"
-3424031598431601917,Manas Muduli,2025-08-08T05:18:01.000Z,"This was the traffic jam in Hyderabad last evening, a scene we see across India.

It sends a clear message to growing Tier-II cities, plan now before it’s too late.

Vehicles would soon outnumber the roads. You can’t solve congestion without having an efficient public transport."
-7134449410387265459,PravinSharan-pravinsharan@gmail.com,2025-08-06T05:34:54.000Z,"NoMatter howMany tunel r made unless number of vehicles is not reduced traffic jam wont decline CongestionTax-free BMTCbus n free cycle-only solutn 

Bengaluru trafic: DKShivakumar anounce 1.5km undrground road atHebbal to ease congstion 
https://
deccanherald.com/india/karnatak
a/bengaluru/bengaluru-traffic-dk-shivakumar-announces-15-km-underground-road-at-hebbal-to-ease-congestion-3667324?utm_source=twitter&utm_medium=referral&utm_campaign=socialshare
… via 
@deccanherald"
8566406724508234154,Revanth,2025-07-03T18:06:12.000Z,"That’s the problem with copy paste approach, it may work less crowded areas but not in India, we need more tailor made approach for our traffic congestion. Last night there is one km jam just because couple of cars occupied the other side of the road in bottle neck curve road."
-7539968096091687299,IANS,2025-07-02T03:55:13.000Z,"Nala Sopara, Maharashtra: A 2-km-long traffic jam occurred near Tulinj Road Naka in Nala Sopara East around 9 AM, causing delays for commuters. Locals cited roadside encroachments, unregulated auto-rickshaw parking, and lack of traffic police as key reasons for the congestion"
7080459801807770764,IANS,2025-06-17T13:03:31.000Z,"Delhi: Rainfall causes heavy jam at Mahipalpur underpass, leading to traffic congestion on the route from Vasant Kunj to the airport and Dhaula Kuan"
-1409321414112709726,Grok,2025-06-17T00:13:58.000Z,"The video likely shows a traffic jam in Tehran, Iran, caused by residents fleeing due to Israeli airstrikes. Multiple news reports, including Times of India and BBC, confirm heavy congestion on Tehran's highways as people head north for safety. However, Iranian state media claims"
-43500512077417327,IANS,2025-06-15T15:05:05.000Z,Maharashtra: A traffic jam occurred near Mangaon on the Mumbai-Goa Highway as tourists returned from Konkan. A 3 km-long queue of vehicles was reported from Mangaon to Mugavali. Heavy congestion was also seen on the bridge over the Kaal River in the Khandad area of Mangaon city
6621773171130959140,Grok,2025-06-10T17:42:46.000Z,"The place in the image is likely Bengaluru, India, showing a typical traffic jam with scooters and motorcycles. The Kannada text in the post suggests a local context, but the exact location isn't clear—possibly a busy area like the Outer Ring Road. Bengaluru's severe congestion,"
-682315249555096566,Reclaim Chennai streets,2025-06-08T01:18:19.000Z,"Cars cause congestion and are responsible for many indirect fatalities such as this. 

We need to rethink a society without cars, or you could be on the news next."
6882755328590632044,IANS,2025-05-02T07:14:47.000Z,"Delhi: A severe traffic jam on Mehrauli-Mahipalpur Road has left commuters stranded for hours, with the congestion stretching for several kilometers"
5308934938264728039,IndiaTV English,2025-04-12T10:32:58.000Z,"#Delhi weather: Over 350 #flights delayed at #IGI airport amid heavy congestion | Check details

#DelhiAirport #DelhiRains #DelhiNews #DustStorm"
-7049302613055455729,IndiaTodayFLASH,2025-04-08T11:22:06.000Z,"No fast lane here: Three of top five slowest cities are in India, reveals study #Bengaluru #Kolkata #Pune 
@IndiaToday
 #TomTomSurvey"
-5132582741857013587,Helpways,2025-04-04T12:19:54.000Z,"World's biggest traffic jam, 300 km congestion choke people stranded for hours
CM 
@myogiadityanath
's message to Muslims: ‘Roads not meant for namaz; learn from Maha Kumbh’"
-7401028364228806796,Grok,2025-03-30T11:57:34.000Z,"Hindu festivals like Diwali & Maha Kumbh Mela likely cause more traffic trouble in India due to massive processions, shopping rushes, & travel, e.g., a 300 km jam during Kumbh. Muslim festivals like Eid al-Fitr see congestion near mosques & travel peaks, but it’s more localized."
8699175615785292953,IANS,2025-03-15T08:27:59.000Z,"Mumbai: A massive traffic jam occurred on the Mumbai-Goa Highway as Mumbai residents returned from Shimga Utsav celebrations, causing severe congestion on the Indapur-Mangaon and Mangaon-Pune National Highway with long vehicle queues"
1909580019588691250,RaddicalAnt,2025-02-17T02:47:21.000Z,"Th-1
India has become a nation perpetually stuck in traffic Jam. In cities like Hyderabad, traffic congestion is relentless—except for the brief window between 1 AM and 3 AM, the roads remain choked at all hours. This isn't just Hyderabad; Delhi, Mumbai, Chennai, Bangalore, Pune—"
-8574418883155396696,IANS,2025-02-16T08:28:52.000Z,"Rohtas, Bihar: Heavy traffic congestion on Sasaram National Highway is causing long delays, with 2 km taking 3-4 hours. Pilgrims travelling to and from Prayagraj Maha Kumbh are stranded for hours facing severe inconvenience due to the jam"
-6428118212631978657,The Nalanda Index,2025-02-12T13:59:03.000Z,"Maha Kumbh rush triggers one of India’s biggest traffic jams; pilgrims stranded in 300 km traffic jam.The congestion was caused by the massive influx of pilgrims travelling to the Maha Kumbh Mela in Prayagraj, Uttar Pradesh, turning highways into endless parking lots."
-682951251546182669,Chandraketu Tripathi,2025-02-11T21:50:03.000Z,"Can Congestion Charges Solve India’s Traffic Crisis? 
#India’s 300 km Maha Kumbh traffic jam exposed traffic management.  
https://
kaeltripton.com/can-india-impl
ement-congestion-charges-to-solve-massive-traffic-jams-a-look-at-global-success-stories/
…
Should India implement it? 
#TrafficJam #CongestionPricing #UrbanMobility 
@nitin_gadkari
  #SustainableTransport 
@ministryoftrans"
1462290695224555467,Karnataka Portfolio,2025-02-11T14:45:30.000Z,"There is a massive traffic jam on the way to Bangalore Airport due to the Aero India Air Force 2025 event. Commuters are experiencing severe congestion, with vehicles moving at an extremely slow pace, especially in the stretch leading up to Hunasamaranahalli. Many travelers have"
-7629370834676154111,The Statesman,2025-02-11T08:38:46.000Z,"Samajwadi Party MP #DimpleYadav hit out at the Uttar Pradesh government over the massive traffic congestion ahead of Maghi Purnima at #Mahakumbh2025, calling it a case of mismanagement despite the enormous funds allocated for the event.

https://
thestatesman.com/india/300-km-l
ong-traffic-jam-unfortunate-dimple-yadav-slams-mismanagement-at-mahakumbh-2025-1503396794.html
…

#UttarPradesh"
-6339597810954775501,Kamal Nayan,2025-02-11T03:51:04.000Z,"OMG! Prayagraj, India hit another world record during #Mahakumbh 

World's biggest traffic Jam - 300km congestion!"
-4512376760513400613,crazy for facts,2025-02-10T11:11:20.000Z,"During the Maha Kumbh Mela 2025 in Prayagraj, India witnessed a record-breaking 300 km-long traffic jam, stranding vehicles for up to 48 hours. The massive congestion, mainly affecting routes through Madhya Pradesh, was caused by an overwhelming influx of pilgrims."
