id,user,date,content,clean_content
-2980984018328502248,Anil,2025-10-02T03:16:36.000Z,Note to solo drivers: Bengaluru may soon charge you a congestion tax,note to solo drivers bengaluru may soon charge you a congestion tax
-6936304278898562296,ZEE २४ तास,2025-10-02T03:02:17.000Z,"एकट्याने प्रवास करणाऱ्यांना भरावा लागणार 'कंजेशन टॅक्स'? शहरातल्या शहरात फिरण्यासाठीही पैसे मोजायचे?

https://
zeenews.india.com/marathi/techno
logy/explained-what-is-congestion-tax-how-it-works-why-it-is-hot-topic-in-bengaluru-dcm-dk-shivakumar-recats-traffic-issue/943736
… < येथे वाचा सविस्तर वृत्त...
#explained #congestiontax #Tax #dkshivakumar #traffic #trafficupdates","           


zeenewsindiacommarathitechno
logyexplainedwhatiscongestiontaxhowitworkswhyitishottopicinbengalurudcmdkshivakumarrecatstrafficissue
     
explained congestiontax tax dkshivakumar traffic trafficupdates"
7288476464841439878,Viraj Damle ,2025-10-01T18:12:56.000Z,"Alleviate traffic congestion in Shilphata - Sign the Petition! 
https://
chng.it/bMSjGpyDDZ via 
@ChangeOrg_India","alleviate traffic congestion in shilphata  sign the petition 

chngitbmsjgpyddz via 
"
-8058215678060593867,Nancy D,2025-10-01T18:09:36.000Z,"Watch a few videos of India, traffic, smog, congestion.",watch a few videos of india traffic smog congestion
8437693369356608823,Gourab Basu,2025-10-01T16:13:42.000Z,"Just came to ho chi minh city vietnam.
Vietnam is not 1st world country, 
It's a congested city, lot of traffic, a lot of scooters and bikes like india, But roads, footpaths and cleanliness is so good. Even with all the congestion. 
It's all about intent . we should demand better","just came to ho chi minh city vietnam
vietnam is not st world country 
its a congested city lot of traffic a lot of scooters and bikes like india but roads footpaths and cleanliness is so good even with all the congestion 
its all about intent  we should demand better"
720144977043652502,Thakur Foundation,2025-10-01T13:59:16.000Z,"Respected 
@DelhiPolice
 
@DCPWestDelhi
 
@CMODelhi
 
@dtptraffic
, kindly update the signal at Dada Satram Mamtani Marg, Janakpuri, New Delhi, Delhi 110058, India
Lat 28.609328, Long 77.098995 red light and deploy traffic staff during peak office hours to ease congestion.","respected 

 

 

 

 kindly update the signal at dada satram mamtani marg janakpuri new delhi delhi  india
lat  long  red light and deploy traffic staff during peak office hours to ease congestion"
8155306302327448463,Thakur Foundation,2025-10-01T13:08:17.000Z,"Respected 
@DelhiPolice
 
@DCPNewDelhi
 
@CMODelhi
 
@dtptraffic
, kindly update the signal at New Delhi, Delhi, India
Dr S Radha Krishnan Marg, Chanakyapuri, New Delhi  110021
Lat 28.589601, Long 77.175664 red light and deploy traffic staff during peak office hours to ease congestion.","respected 

 

 

 

 kindly update the signal at new delhi delhi india
dr s radha krishnan marg chanakyapuri new delhi  
lat  long  red light and deploy traffic staff during peak office hours to ease congestion"
-318838103620584821,AajTak,2025-10-01T07:20:03.000Z,"कर्नाटक की सिद्धारमैया सरकार ने बेंगलुरु के लिए कंजेशन टैक्स लगाने की खबरों को खारिज कर दिया है.  

#Karnataka #Siddaramaiah  | 
@sagayrajp
 
@nagarjund","                   

karnataka siddaramaiah   

 
"
-1981196376704172176,Bharat Observers,2025-10-01T07:05:26.000Z,"Traffic gridlocks dominate India’s metros!

 Bengaluru tops with 50–55% congestion, followed by Mumbai & Pune.

Check the video to see the Top 10 Indian Cities with the Worst Traffic – 2025","traffic gridlocks dominate indias metros

 bengaluru tops with  congestion followed by mumbai  pune

check the video to see the top  indian cities with the worst traffic  "
714651488163821069,Sheriff Rango ,2025-10-01T07:01:20.000Z,Congestion tax is charged in most developed countries to ease traffic. Here in India it's charged to encourage car-pool - it should actually be charged on all vehicles to encourage public transport adoption.,congestion tax is charged in most developed countries to ease traffic here in india its charged to encourage carpool  it should actually be charged on all vehicles to encourage public transport adoption
-1143342960880986307,Let's Deinfluence,2025-10-01T05:08:24.000Z,"Silicon Valley of India? Or Silicon Traffic Jam of India? 

Bengaluru loses  crores in productivity, fuel burns in traffic, health suffers — but the solution? “Congestion Tax”!  
Common log punished, corrupt system untouched.

Roads collapse every monsoon, metro expansion is a","silicon valley of india or silicon traffic jam of india 

bengaluru loses  crores in productivity fuel burns in traffic health suffers  but the solution congestion tax  
common log punished corrupt system untouched

roads collapse every monsoon metro expansion is a"
3251628056420199572,Melvin Louis,2025-10-01T01:58:24.000Z,"@DKShivakumar
 instead of  congestion tax, Non KA vehicles should be thoroughly checked for valid papers. There seems to be a sudden influx of pre owned vehicles from DL and HR. 

Bengaluru Congestion Tax: DK Shivakumar Denies Plan Amid Traffic Debate","
 instead of  congestion tax non ka vehicles should be thoroughly checked for valid papers there seems to be a sudden influx of pre owned vehicles from dl and hr 

bengaluru congestion tax dk shivakumar denies plan amid traffic debate"
3051458406068431485,shailendra kumar,2025-09-30T18:28:54.000Z,Why do they make high rise buildings where there is congestion? Demolish top 5/10 floors of each high rise. It is the congestion mentality in architectural planning in India thats made a mess of traffic in india. Indians don't believe in pers space as indvls  & neither in cars.,why do they make high rise buildings where there is congestion demolish top  floors of each high rise it is the congestion mentality in architectural planning in india thats made a mess of traffic in india indians dont believe in pers space as indvls   neither in cars
8579431357152438316,National Herald,2025-09-30T14:01:43.000Z,"Efforts to reduce Delhi's traffic congestion — including elevated roads, metro expansions, and proposed elevated #RingRoad — having unintended impact on Delhi’s natural drainage system, says new #DrainageMasterPlan",efforts to reduce delhis traffic congestion  including elevated roads metro expansions and proposed elevated ringroad  having unintended impact on delhis natural drainage system says new drainagemasterplan
-406083071425316244,Vishal Sahu,2025-09-30T12:52:06.000Z,"Congress when in Govt : Bengaluru, often called India’s traffic capital, may soon see a new penalty for solo commuters. Authorities are set to test a “congestion tax” for people travelling alone in vehicles during peak traffic hours. The trial will run for three months. ",congress when in govt  bengaluru often called indias traffic capital may soon see a new penalty for solo commuters authorities are set to test a congestion tax for people travelling alone in vehicles during peak traffic hours the trial will run for three months 
-4651993916820892996,Mathrubhumi English,2025-09-30T12:22:48.000Z,"Note to solo drivers: Bengaluru may soon charge you a congestion tax 
#Bengaluru #congestiontax  #OuterRingRoad #trafficjam #traffic","note to solo drivers bengaluru may soon charge you a congestion tax 
bengaluru congestiontax  outerringroad trafficjam traffic"
2663208062536108918,Deccan Herald,2025-09-30T11:06:32.000Z,Urban experts have yet again suggested introducing a congestion #tax in #Bengaluru as a step towards easing the ever-increasing #trafficproblems in the city.,urban experts have yet again suggested introducing a congestion tax in bengaluru as a step towards easing the everincreasing trafficproblems in the city
3047540382432912118,shwetank singh,2025-09-30T08:50:46.000Z,"Bengaluru people, after paying the highest road tax in India for pothole full roads and heavy traffic, are now being considered for a congestion tax. They will be like:",bengaluru people after paying the highest road tax in india for pothole full roads and heavy traffic are now being considered for a congestion tax they will be like
3401240835679486639,ITS India Forum,2025-09-30T07:05:57.000Z,"""MLFF = Cleaner, Faster, Smarter Mobility
No toll barriers → less congestion, fuel savings & lower emissions. A real boon for India’s urban traffic & pollution woes."" Mr Sachin Bhatia, CEO, Metra Infosys Technology
#MLFF #SmartMobility #CleanTransport #DigitalIndia","mlff  cleaner faster smarter mobility
no toll barriers  less congestion fuel savings  lower emissions a real boon for indias urban traffic  pollution woes mr sachin bhatia ceo metra infosys technology
mlff smartmobility cleantransport digitalindia"
-3503487189011499626,Rahul Yadav,2025-09-30T04:22:30.000Z," Karnataka Eyes Congestion Tax 
The state govt is planning a “congestion tax” on single-occupancy cars, starting with Bengaluru’s Outer Ring Road, to ease traffic & boost public transport use. 

#Karnataka #BengaluruTraffic #CongestionTax #UrbanMobility #India"," karnataka eyes congestion tax 
the state govt is planning a congestion tax on singleoccupancy cars starting with bengalurus outer ring road to ease traffic  boost public transport use 

karnataka bengalurutraffic congestiontax urbanmobility india"
-6277514432349476774,Prathap Reddy T,2025-09-30T03:56:58.000Z,"Heartbreaking to see such news… Bengaluru’s bad roads are not just about traffic congestion – they are tragically claiming the lives of innocent people. 

@DKShivakumar
 
@GBA_office
 
@BJP4India
 
@CMofKarnataka
 
@karnatakaportf
 
@CivicOp_india
 #bangaloretraffic","heartbreaking to see such news bengalurus bad roads are not just about traffic congestion  they are tragically claiming the lives of innocent people 


 

 

 

 

 

 bangaloretraffic"
-6555276185899163464,Grok,2025-09-29T19:26:10.000Z,"In India, emergency calls (like 112) are prioritized during network congestion from large gatherings, allowing them to connect via any available carrier tower and potentially preempt non-emergency traffic. However, in extreme overload where all capacity is exhausted, the call",in india emergency calls like  are prioritized during network congestion from large gatherings allowing them to connect via any available carrier tower and potentially preempt nonemergency traffic however in extreme overload where all capacity is exhausted the call
-8803848934109175451,RJ ARYAN,2025-09-29T17:49:27.000Z,"India to test Congestion Tax in Bengaluru: Solo drivers in traffic will be charged for 3 months. If successful, the rule may be rolled out nationwide.

#CongestionTax","india to test congestion tax in bengaluru solo drivers in traffic will be charged for  months if successful the rule may be rolled out nationwide

congestiontax"
5178431097194195899,Grok,2025-09-29T07:54:43.000Z,"Based on studies from NYC, congestion pricing reduces peak-hour travel times by 10-30%. Carpooling can cut traffic by 2-5%, aiding further reductions. In India, bike taxis could increase speeds by 10-15% by reducing vehicles, equating to ~10% less time. Combined, expect 20-40%",based on studies from nyc congestion pricing reduces peakhour travel times by  carpooling can cut traffic by  aiding further reductions in india bike taxis could increase speeds by  by reducing vehicles equating to  less time combined expect 
-3352003629405216386,Grok,2025-09-28T07:02:56.000Z,"Bengaluru's ""third worst"" ranking is specifically for traffic congestion (TomTom Index 2024), with drivers spending ~117 hours yearly in rush-hour jams. Yet, people keep coming for jobs due to its status as India's Silicon Valley: vast IT opportunities, higher salaries (avg.",bengalurus third worst ranking is specifically for traffic congestion tomtom index  with drivers spending  hours yearly in rushhour jams yet people keep coming for jobs due to its status as indias silicon valley vast it opportunities higher salaries avg
-3568929230195262093,Frustrated Urban commuters,2025-09-28T02:33:15.000Z,"@YTKDIndia
 #YeThikKarKeDikhao 10000s of flars, high rise apartments complexes being permitted without any Drain plans, Road traffic congestion assessment, Flood water control Storm water lines, RWH ponds around them, Footpaths, etc? 
@MoHUA_India
 
@HMDA_Gov
 
@revanth_anumula","
 yethikkarkedikhao s of flars high rise apartments complexes being permitted without any drain plans road traffic congestion assessment flood water control storm water lines rwh ponds around them footpaths etc 

 

 
"
-7379644904131246487,Karnataka Portfolio,2025-09-27T15:38:49.000Z,"Is this what “Brand Bengaluru” has been reduced to?
The city once hailed as India’s “Garden City” and proudly called the “Silicon Valley of India” now finds itself shamefully ranked among the worst three cities in the world for traffic congestion. What exactly have all the","is this what brand bengaluru has been reduced to
the city once hailed as indias garden city and proudly called the silicon valley of india now finds itself shamefully ranked among the worst three cities in the world for traffic congestion what exactly have all the"
-5129193974182664573,Jayanta Mallabaruah,2025-09-27T14:37:57.000Z,"Delighted to participate in the inauguration ceremony of two landmark flyovers by Hon’ble CM Dr. 
@himantabiswa
 dangoriya this evening, marking a significant step towards easing traffic congestion and enhancing the regional connectivity of Guwahati, the gateway to Northeast India.","delighted to participate in the inauguration ceremony of two landmark flyovers by honble cm dr 

 dangoriya this evening marking a significant step towards easing traffic congestion and enhancing the regional connectivity of guwahati the gateway to northeast india"
-2360080167587177603,Ministry of Steel,2025-09-27T13:30:00.000Z,"Public transport and carpooling reduce pollution and traffic congestion.  Let’s make cleaner commutes our habit.

#SHS2025 #SwachhataHiSeva2025 #Swachhotsav
#GreenCommute


@PMOIndia
 
@hd_kumaraswamy
 
@BjpVarma
 
@MoHUA_India
 
@SwachhBharatGov
 
@PIB_India
 
@mygovindia","public transport and carpooling reduce pollution and traffic congestion  lets make cleaner commutes our habit

shs swachhatahiseva swachhotsav
greencommute



 

 

 

 

 

 
"
-2070268972875659875,Thakur Foundation,2025-09-27T12:35:41.000Z,"Respected 
@police_haryana
 , 
@cmohry
 kindly deploy Traffic staff at Manesar, Haryana, India
Delhi Jaipur Expressway, Manesar, Manesar, Haryana
122051, India
Lat 28.358574, Long 76.939286 hours to ease congestion. Install divider","respected 

  

 kindly deploy traffic staff at manesar haryana india
delhi jaipur expressway manesar manesar haryana
 india
lat  long  hours to ease congestion install divider"
8177067542016217511,VG,2025-09-30T02:06:28.000Z,"Dude I live in a shit hole called Bangalore. No footpaths, dust everhere, poholes, no drainage, yamrajs on the road, traffic jam for hours, adulterated food. India's metros are hell holes. No comparison with Western cities.",dude i live in a shit hole called bangalore no footpaths dust everhere poholes no drainage yamrajs on the road traffic jam for hours adulterated food indias metros are hell holes no comparison with western cities
-7069589975369628717,Rudresh.07,2025-09-29T16:52:45.000Z,"RSS isn't a political organization kid  trying hard to be next dhruv rathe , sit in foreign land and bark daily on internal matters of India.

Tu London me rehta hai waha roz mulle road jam karke rally nikalte hai, namaz padhte hai ","rss isnt a political organization kid  trying hard to be next dhruv rathe  sit in foreign land and bark daily on internal matters of india

tu london me rehta hai waha roz mulle road jam karke rally nikalte hai namaz padhte hai "
-3015684847454339067,Ꮢohit Jaiswal,2025-09-29T12:24:43.000Z,"Traffic jam ka logic hi ajeeb hai. 2 km ka distance = 45 min ka patience test. Aur sab log horn bajate jaise unke bajane se road khul jaayega. Bhai agar horn se jam khulta, toh India me kabhi red light hota hi nahi. ",traffic jam ka logic hi ajeeb hai  km ka distance   min ka patience test aur sab log horn bajate jaise unke bajane se road khul jaayega bhai agar horn se jam khulta toh india me kabhi red light hota hi nahi 
-2635136860705273082,Grok,2025-09-25T07:02:12.000Z,"The incident is real. Multiple news outlets (e.g., Indian Express, Times of India, Deccan Herald) report a woman in Vadodara sat on a road near Sursagar Lake on Sept 19, 2025, protesting after a vendor served her 4 pani puris instead of 6 for ₹20. It caused a traffic jam; police",the incident is real multiple news outlets eg indian express times of india deccan herald report a woman in vadodara sat on a road near sursagar lake on sept   protesting after a vendor served her  pani puris instead of  for  it caused a traffic jam police
1107236056685319739,DD News,2025-09-24T19:15:29.000Z,"#DECODE | From Silicon Valley to Traffic Jam Valley? Karnataka CM’s Urgent Road Request to WIPRO

Watch full video – 
https://
youtube.com/watch?v=Oani9X
xS65I
…


@sudhirchaudhary

#SiliconValley #India #Karnataka #Benguluru #TrafficJam #WIPRO #TechCity #decodewithsudhirchaudhary #DDNewslive","decode  from silicon valley to traffic jam valley karnataka cms urgent road request to wipro

watch full video  

youtubecomwatchvoanix
xsi





siliconvalley india karnataka benguluru trafficjam wipro techcity decodewithsudhirchaudhary ddnewslive"
-2115687353616997642,India TV,2025-09-23T09:14:56.000Z,"CM सिद्धारमैया ने अजीम प्रेमजी को लिखा खत, बेंगलुरु में ट्रैफिक जाम से जुड़ा है मामला",cm               
-2333466910239016918,Ajay Singhal,2025-09-22T15:06:02.000Z,"If govt really wish to establish roads discipline & civic sense in India then it's necessary to implement stricter roads & traffic system.
It will even then take years to get people used to of such system & become disciplined in their individual behavior.","if govt really wish to establish roads discipline  civic sense in india then its necessary to implement stricter roads  traffic system
it will even then take years to get people used to of such system  become disciplined in their individual behavior"
-805734768977350651,Sunil Bhosale,2025-09-22T10:52:23.000Z,"@htTweets

IN THIS CHAOS,I HAVE NEVER COME ACROSS ANY EMERGENCY VEHICLE BEING BLOCKED FOR LAST 16 YRS COMING BACK FROM ABROAD. I LOVE MY INDIA. SOMETIMES TOO MUCH DISCIPLINE ALSO IS BORING. 
Source: Hindustan Times","

in this chaosi have never come across any emergency vehicle being blocked for last  yrs coming back from abroad i love my india sometimes too much discipline also is boring 
source hindustan times"
3301134117473068672,Ajay Trivedi,2025-09-21T16:33:38.000Z,"I think he knows now this his last term so he is not working the way he used to work earlier. Quality of road construction is very poor now. People are dying but he doesn’t bother anymore.
@Nitin_gadkari



https://
freepressjournal.in/amp/indore/ind
ore-shocker-potholes-on-rau-flyover-claims-youths-life-brother-injured
…


https://
business-standard.com/amp/india-news
/nhai-mp-high-court-notice-indore-bypass-traffic-jam-deaths-125070101420_1.html
…","i think he knows now this his last term so he is not working the way he used to work earlier quality of road construction is very poor now people are dying but he doesnt bother anymore





freepressjournalinampindoreind
oreshockerpotholesonrauflyoverclaimsyouthslifebrotherinjured




businessstandardcomampindianews
nhaimphighcourtnoticeindorebypasstrafficjamdeathshtml
"
-3414138994517812669,Anish Singh,2025-09-21T15:44:30.000Z,"Here is the road infront of 
@IIM_Bangalore
. There is no road on the side, during peak hours its jam packed n people have to take the broken road.  On the opposite side its  
@fortis_hospital
 drainage is always overflowing 
@GBAChiefComm
 
@TVMohandasPai
 
@CivicOp_india
 
@ChristinMP_","here is the road infront of 

 there is no road on the side during peak hours its jam packed n people have to take the broken road  on the opposite side its  

 drainage is always overflowing 

 

 

 
"
6405035666032760885,Ashish Mishra,2025-09-21T10:39:53.000Z,Modi government kai support kai binaa aukat nahi nahi bol daay yai baat full support modi kill hindu and convert all of islam and kischanity full support modi hindu give you good vote rajsthan and all over india noo road jam another religion sare taan say juda abb tak,modi government kai support kai binaa aukat nahi nahi bol daay yai baat full support modi kill hindu and convert all of islam and kischanity full support modi hindu give you good vote rajsthan and all over india noo road jam another religion sare taan say juda abb tak
-9189806639972763340,Karan,2025-09-20T16:09:21.000Z,"was driving in a two lane road, and there was lot of traffic. Autos and bikers immediately cut across and drove on wrong side, causing a jam on the other side as well. 

urban dehaat is real and no one can fix it in India. nor does anyone care.","was driving in a two lane road and there was lot of traffic autos and bikers immediately cut across and drove on wrong side causing a jam on the other side as well 

urban dehaat is real and no one can fix it in india nor does anyone care"
4881686640369993505,RAJENDER SHARMA,2025-09-20T10:47:48.000Z,"How about the worst road conditions from Dharuhera to Gurgaon?? Bilaspur jam is a daily affair, who cares?",how about the worst road conditions from dharuhera to gurgaon bilaspur jam is a daily affair who cares
636343916096776916,Grok,2025-09-20T05:19:30.000Z,The incident checks out. Multiple sources like Times of India and ABP Live report a woman in Vadodara protested on the road near Sursagar Pond after a vendor gave her 4 pani puris instead of 6 for ₹20. Police intervened to resolve the traffic jam and calm her. Viral videos,the incident checks out multiple sources like times of india and abp live report a woman in vadodara protested on the road near sursagar pond after a vendor gave her  pani puris instead of  for  police intervened to resolve the traffic jam and calm her viral videos
6128068736419232815,RAJAT SINGH,2025-09-20T04:51:25.000Z,"This is the reality. Appreciate 
@myogiadityanath
 is singing song of jewar airport but did he know, how the passenger will reach jewar airport?
Through Shahberi..... single lane road of crossing republik Shahberi can take the pressure of passenger","this is the reality appreciate 

 is singing song of jewar airport but did he know how the passenger will reach jewar airport
through shahberi single lane road of crossing republik shahberi can take the pressure of passenger"
5417082140707664236,BharatMindset,2025-09-20T02:34:51.000Z,"India is probably the worst in the world, we're a true 3rd world.

Yesterday I got in a jam and had to spend 30 mins to cross a 100 meter, stretch on a 3 lane 1 side highway, reason, some procession, no police no permission, peak evening time, circus in the centre of the road.","india is probably the worst in the world were a true rd world

yesterday i got in a jam and had to spend  mins to cross a  meter stretch on a  lane  side highway reason some procession no police no permission peak evening time circus in the centre of the road"
-2181437075524866143,Grok,2025-09-19T15:43:13.000Z,"Yes, it appears real. Multiple news outlets like NDTV, Times of India, and Indian Express report a woman in Vadodara protested by sitting on the road after getting 4 pani puris instead of 6 for ₹20. Police intervened to resolve the traffic jam. The video matches the",yes it appears real multiple news outlets like ndtv times of india and indian express report a woman in vadodara protested by sitting on the road after getting  pani puris instead of  for  police intervened to resolve the traffic jam the video matches the
6691553767985474762,Pradeep Kumar Shukla,2025-09-19T15:42:26.000Z,"@dtptraffic
 recently Road digged up near India surgical and it is closed. However traffic is routed from masoodpur to Mahipalpur via flyover. However several vehicles are still going wrong side from Masudpur to Vasant Vihar and that leads to traffic jam and safety issues. Pls act","
 recently road digged up near india surgical and it is closed however traffic is routed from masoodpur to mahipalpur via flyover however several vehicles are still going wrong side from masudpur to vasant vihar and that leads to traffic jam and safety issues pls act"
-1200139603392882644,Balaji,2025-09-19T14:48:03.000Z,"Are you in that traffic jam to say about this ? What if vehicles are going through that road regularly and suddenly bus caves in because of rains and you are blaming driver !
Divert the blame to common people?","are you in that traffic jam to say about this  what if vehicles are going through that road regularly and suddenly bus caves in because of rains and you are blaming driver 
divert the blame to common people"
-8287204337122866796,anandabazar.com,2025-09-19T12:59:50.000Z,"যানজটের জেরে শিশুর মৃত্যু!
#trafficjam #mumbai","   
trafficjam mumbai"
-647246207857325298,A void,2025-09-19T03:07:17.000Z,"3+ years in Bengaluru and I’m done. The “Silicon Valley of India” feels more like the “Traffic Jam Capital.” Step out to see the city → stuck on the same pothole-ridden road 24/7. 
Pehli fursat mein nikal liya."," years in bengaluru and im done the silicon valley of india feels more like the traffic jam capital step out to see the city  stuck on the same potholeridden road  
pehli fursat mein nikal liya"
1976794838675922733,its just me,2025-09-18T17:02:11.000Z,"service road frm rammurthy nagar to Kasturi nagar sees jam only bec ppl don't want to break the backbone & vehicles. No other reason 
Pathetic condition of 
@NammaBengaluroo
 roads.

@ChristinMP_
 
@bengalurupost1
 
@CivicOp_india
 
@anil_lulla
 
@GBA_office
 
@HennurBlr
 
@osd_cmkarnataka","service road frm rammurthy nagar to kasturi nagar sees jam only bec ppl dont want to break the backbone  vehicles no other reason 
pathetic condition of 

 roads


 

 

 

 

 

 
"
8184158029583483618,Chitresh Ranka,2025-09-17T09:05:47.000Z,"Students are getting delayed everyday, walkers are facing issues to cross the road, entire traffic is dependent on the other side road leading to chaotic traffic jam everyday. And all of this is happening specially when Half Yearly exams are going on. Is India really developing??",students are getting delayed everyday walkers are facing issues to cross the road entire traffic is dependent on the other side road leading to chaotic traffic jam everyday and all of this is happening specially when half yearly exams are going on is india really developing
-3338519958848227900,A,2025-09-17T08:34:05.000Z,"https://
thelallantop.com/india/post/bla
ckbuck-ceo-announced-to-leave-bengaluru-office-due-to-potholes-in-roads-and-traffic-jam
…


@nitin_gadkari
  pathhole man of India 
Give some attention to your dept your are road and transport minister not petroleum minister and use your 200cr brain and fix this road issue 
Your are not transport man your are man created image over PR","
thelallantopcomindiapostbla
ckbuckceoannouncedtoleavebengaluruofficeduetopotholesinroadsandtrafficjam




  pathhole man of india 
give some attention to your dept your are road and transport minister not petroleum minister and use your cr brain and fix this road issue 
your are not transport man your are man created image over pr"
-8672425298665241383,Dal Bati Churma,2025-09-17T06:37:51.000Z,Sarjapur Road is pathetic daily there is a jam on this road,sarjapur road is pathetic daily there is a jam on this road
-8160402440042765138,Free Press Journal,2025-09-16T07:50:47.000Z,"#Opinion: India Needs More Upright Officers Like Anjali Krishna

 Abhay Mokashi

 
https://
freepressjournal.in/mumbai/mumbai-
massive-traffic-jam-on-coastal-road-southbound-video
…

#ipsanjali  #anjalikrishna #policeofficer #FPJ","opinion india needs more upright officers like anjali krishna

 abhay mokashi

 

freepressjournalinmumbaimumbai
massivetrafficjamoncoastalroadsouthboundvideo


ipsanjali  anjalikrishna policeofficer fpj"
-6316442130183656239,Jayesh K S,2025-09-15T16:04:11.000Z,"@Uber_India
 
@Uber_Support
 
@airtelindia
 
@DelhiAirportGMR
 It is a terrible experience to book Uber at the T1 of Delhi Airport ,network is not available, booked cabs are not available in the parking with  the drivervs asking you to come out on then road because of traffic jam","
 

 

 

 it is a terrible experience to book uber at the t of delhi airport network is not available booked cabs are not available in the parking with  the drivervs asking you to come out on then road because of traffic jam"
7049635753607408547,BK,2025-09-15T07:55:36.000Z,"This is a classic scenario where the cars on the main road will anyway have to wait in the traffic jam up ahead, and yet won't let the side ways traffic pass. When this mindset changes, I would consider India to be a truly developed nation. This and letting ambulances pass freely",this is a classic scenario where the cars on the main road will anyway have to wait in the traffic jam up ahead and yet wont let the side ways traffic pass when this mindset changes i would consider india to be a truly developed nation this and letting ambulances pass freely
5490655618740231885,Engineer,2025-09-15T03:17:56.000Z,"@3rdEyeDude
 
@blrcitytraffic
 
@BlrCityPolice
 This number less tractor and auto KA03AA8536 came on wrong side, blocked road near Graphite India junction at 8.35AM today and caused a jam. The auto driver even took my cars picture and threatened me saying he will take care of me!","
 

 

 this number less tractor and auto kaaa came on wrong side blocked road near graphite india junction at am today and caused a jam the auto driver even took my cars picture and threatened me saying he will take care of me"
-8838671602931798182,IANS,2025-09-13T18:24:16.000Z,"Kashipur, Uttarakhand: A 30-year-old man was fatally hit by a speeding dumper at Kailash River Mining Company’s checkpoint on Bajpur Road, causing a traffic jam. Enraged villagers vandalized the company office, breaking CCTV cameras and clashing with staff. Police, led by CO",kashipur uttarakhand a yearold man was fatally hit by a speeding dumper at kailash river mining companys checkpoint on bajpur road causing a traffic jam enraged villagers vandalized the company office breaking cctv cameras and clashing with staff police led by co
8616129544560039856,विनोद अग्निहोत्री Vinod Agnihotri,2025-10-01T19:02:05.000Z,"Hello 
@dtptraffic
 stuck since one hour in massive traffic jam on Mehrauli Gurgaon road between Chhatarpur metro station onwards towards delhi. Traffic moving very slowly now. Kindly help","hello 

 stuck since one hour in massive traffic jam on mehrauli gurgaon road between chhatarpur metro station onwards towards delhi traffic moving very slowly now kindly help"
-5002703983422532769,V.R.Hari,2025-10-01T16:29:41.000Z,"@nhai
 came to Delhi from jammu NH44. Jammu-pathankot awful, entire punjab stretch roads in a terrible state. Massive traffic jam at Delhi border, probably to divert traffic to UER II where toll is Rs.235. Entire toll Rs.2200 apx. Time taken 14Hrs.","
 came to delhi from jammu nh jammupathankot awful entire punjab stretch roads in a terrible state massive traffic jam at delhi border probably to divert traffic to uer ii where toll is rs entire toll rs apx time taken hrs"
-7628503590186232970,nidhi joshi,2025-10-01T12:45:50.000Z,"@dtptraffic
 massive traffic jam on outer ring road towards chirag delhi flyover","
 massive traffic jam on outer ring road towards chirag delhi flyover"
-4742332694989495624,VG,2025-10-01T12:23:30.000Z,"Massive traffic jam on NH-48 from Gurgaon-Delhi border towards Dhaula Kuan

But who is bothered about commuters???


@NHAI_Official



@nitin_gadkari



@OfficeOfNG



@PMOIndia



@dtptraffic



@LtGovDelhi



@gupta_rekha","massive traffic jam on nh from gurgaondelhi border towards dhaula kuan

but who is bothered about commuters


























"
-5395942634098758581,Mehul Saxena,2025-10-01T12:15:15.000Z,"@dtptraffic
 jam packed traffic from lal bahadur shastri marg to chirag delhi. Stuck on the same place since 1 hr","
 jam packed traffic from lal bahadur shastri marg to chirag delhi stuck on the same place since  hr"
-8526559388383674505,Saarthak Bajaj,2025-10-01T11:19:48.000Z,"@dtptraffic
 
@DelhiPolice
 
@CMODelhi
 what is this happening? This is the traffic on lal bahadur shastri marg towards Chirag delhi. 
I mean 20 min delay? Whole panchsheel savitri flyover jam packed. This is utter shame low this system can go.","
 

 

 what is this happening this is the traffic on lal bahadur shastri marg towards chirag delhi 
i mean  min delay whole panchsheel savitri flyover jam packed this is utter shame low this system can go"
8433286769363619748,Pablo Ansari ,2025-10-01T10:49:19.000Z,"@dtptraffic
 why this much traffic jam at Kalindi Kunj while this is a No-Entry time? Why HMV are allowed entering Delhi at this time? What is the benefit of widening the road while bottleneck is as before? 
@pwddelhi
 
@CPCB_OFFICIAL
 
Kindly intervene asap.","
 why this much traffic jam at kalindi kunj while this is a noentry time why hmv are allowed entering delhi at this time what is the benefit of widening the road while bottleneck is as before 

 

 
kindly intervene asap"
-366140237039430717,UnbearablePollutionInIndianCities,2025-10-01T08:52:04.000Z,"@dtptraffic

There is a big traffic jam between okhla bird sanctuary, metro station and kalindi kunj metro station, while coming from Noida to Delhi. Please look into it urgently.","

there is a big traffic jam between okhla bird sanctuary metro station and kalindi kunj metro station while coming from noida to delhi please look into it urgently"
5387220722464972804,Deepanshu Kapoor,2025-10-01T01:55:31.000Z,"@DelhiPolice
 
@CBIHeadquarters
 we can see in this video position of Illegal Enroachment in front of Pink Police Booth at Lohari Gate Chowk Delhi-6.  Open sale of Fire Crackers & Expired Food Items.What can we expect from Authorities ? 24×7 traffic jam, Misbehave with Pedestrians.","
 

 we can see in this video position of illegal enroachment in front of pink police booth at lohari gate chowk delhi  open sale of fire crackers  expired food itemswhat can we expect from authorities   traffic jam misbehave with pedestrians"
3054724878565854573,Subhan Kamil,2025-09-30T23:25:26.000Z,"Nah, we won’t be able to get out from city. Its packed with traffic jam in usual days and i can imagine the scene if there’s nuclear war. I do hope all the children here make it coz they don’t deserve to suffer such fates. Delhi will be targeted multiple high yeild devices.",nah we wont be able to get out from city its packed with traffic jam in usual days and i can imagine the scene if theres nuclear war i do hope all the children here make it coz they dont deserve to suffer such fates delhi will be targeted multiple high yeild devices
8239428830807622541,Grok,2025-09-30T17:55:56.000Z,"Alright, let's roast both sides Delhi-style. AAP: You guys treated that flyover like a bad ex—ignored it, blocked permissions on those 27 trees like they were state secrets, leaving commuters stuck in eternal traffic jam purgatory. BJP: Congrats on the quick finish after swooping",alright lets roast both sides delhistyle aap you guys treated that flyover like a bad exignored it blocked permissions on those  trees like they were state secrets leaving commuters stuck in eternal traffic jam purgatory bjp congrats on the quick finish after swooping
2405646334945577083,Suresh Kumar Sharma,2025-09-30T14:49:24.000Z,"@OfficeOfNG
 Dear sir, Traffic Jam at boarder of delhi is permanent on Delhi Chandigarh highway due to entry fees of commercial vehicle. Its should be online at least taxi cars so that the wastage of time can be avoided.","
 dear sir traffic jam at boarder of delhi is permanent on delhi chandigarh highway due to entry fees of commercial vehicle its should be online at least taxi cars so that the wastage of time can be avoided"
4080630270304508800,Common Man,2025-09-30T13:42:10.000Z,"@dtptraffic
 
@HMOIndia
 
@DelhiPolice
  massive traffic jam in the lane from sheikh Sarai to Chirag delhi  towards Lajpat Nagar . no one to assist .. vehicles stuck","
 

 

  massive traffic jam in the lane from sheikh sarai to chirag delhi  towards lajpat nagar  no one to assist  vehicles stuck"
9106518461870479625,Deepanshu Kapoor,2025-09-30T13:26:01.000Z,Traffic Police is always abscent from Qutab Road Chowk & Bara Tooti Chowk Sadar Bazar Delhi-110006.  We r facing 24×7 traffic jam at aforesaid site.,traffic police is always abscent from qutab road chowk  bara tooti chowk sadar bazar delhi  we r facing  traffic jam at aforesaid site
4167440007913323892,Grok,2025-09-30T11:07:32.000Z,"Fact check: Delhi mein 30 Sep ko heavy rain se water-logging confirmed, traffic jam hua. PM, CM (Rekha Gupta, BJP since Feb '25), MLAs (BJP 48/70 seats), MPs (all 7 BJP), Councillors (BJP control April '25 se) - sab sahi. Party office inauguration 29-30 Sep ko PM Modi ne kiya.",fact check delhi mein  sep ko heavy rain se waterlogging confirmed traffic jam hua pm cm rekha gupta bjp since feb  mlas bjp  seats mps all  bjp councillors bjp control april  se  sab sahi party office inauguration  sep ko pm modi ne kiya
-2510636016970142404,sunil,2025-09-30T09:35:35.000Z,"A huge traffic jam on GT Road Dilshad Garden . Travelling time 100m in 60min

@dtptraffic
 
@LtGovDelhi
 
Decongest Delhi","a huge traffic jam on gt road dilshad garden  travelling time m in min


 

 
decongest delhi"
4072856311118517173,Deepanshu Kapoor,2025-09-30T04:41:22.000Z,"Sir we are facing pathetic problems due to Illegal Enroachment at Lohari Gate Chk, Sadar Bzr Rly St Bridge, Main Road Sadar Bazar,Mithai Pull Delhi-6. All roads, foothpaths & dividers r Illegally enroached by hawkers. Main Problems: 24×7 Traffic jam, pickpocketing, eveteasing.",sir we are facing pathetic problems due to illegal enroachment at lohari gate chk sadar bzr rly st bridge main road sadar bazarmithai pull delhi all roads foothpaths  dividers r illegally enroached by hawkers main problems  traffic jam pickpocketing eveteasing
1290451239862076332,Eduzealot,2025-09-30T03:22:44.000Z,"Sir it’s a regular traffic jam situation near the Tikona park, Jamia Milia Islamia Delhi and  E-rikshaw creates chaos from wrong way plz do the needful specially from 8.30am to 10.30 am. 
@DCPSouthDelhi
 
@dtptraffic
 
@shojamianagar
 
@CPDelhi
 ,
@OkhlaTimes","sir its a regular traffic jam situation near the tikona park jamia milia islamia delhi and  erikshaw creates chaos from wrong way plz do the needful specially from am to  am 

 

 

 

 
"
-7165252611425916011,OMG Amogh,2025-09-30T03:00:48.000Z,"@NHAI_Official
 

The Delhi-Jaipur highway has heavy traffic jam in Bilaspur.
scenario created a complete failure of all conventional ground transportation, meaning no vehicle is operational.","
 

the delhijaipur highway has heavy traffic jam in bilaspur
scenario created a complete failure of all conventional ground transportation meaning no vehicle is operational"
-3616641889383833956,OMG Amogh,2025-09-30T02:59:44.000Z,"@cmohry

The Delhi-Jaipur highway has heavy traffic jam in Bilaspur.
scenario created a complete failure of all conventional ground transportation, meaning no vehicle is operational.","

the delhijaipur highway has heavy traffic jam in bilaspur
scenario created a complete failure of all conventional ground transportation meaning no vehicle is operational"
1515415348167787651,sanjay dutt balodi,2025-09-30T02:49:40.000Z,Heavy traffic jam in NH-8 from Jaipur to Delhi near Bilaspur.,heavy traffic jam in nh from jaipur to delhi near bilaspur
5539271222742218649,OMG Amogh,2025-09-30T02:43:31.000Z,"""There's a terrible traffic jam in Bilaspur on the Delhi-Jaipur highway; vehicles are unable to move.""",theres a terrible traffic jam in bilaspur on the delhijaipur highway vehicles are unable to move
-8783374709834184544,VG,2025-09-30T02:35:54.000Z,"Massive traffic jam 25+ mins
at flyover near Radisson hotel on NH-48  while going from Delhi to Gurgaon.

Even before 8am.

Anyone know?? Any action plan?

It is visible only if
- one is awake 
- one is on duty on road
- one has intention to take action","massive traffic jam  mins
at flyover near radisson hotel on nh  while going from delhi to gurgaon

even before am

anyone know any action plan

it is visible only if
 one is awake 
 one is on duty on road
 one has intention to take action"
3217700054567635535,Prateek,2025-09-29T19:05:20.000Z,"So #MCD in the name of tax collection, has created the same #traffic #jam at #DND, which the #Court order abolishing #toll, sought to achieve.  All the #Delhi borders have traffic jam every night, thanks to MCD tax collection.",so mcd in the name of tax collection has created the same traffic jam at dnd which the court order abolishing toll sought to achieve  all the delhi borders have traffic jam every night thanks to mcd tax collection
-6860145028195974198,Saarthak Bajaj,2025-09-29T16:23:19.000Z,"@dtptraffic
 9:50PM, panchsheel park metro to chirag delhi metro traffic jam packed. A 15 minute delay at night. And now the traffic inspector will be held accountable as I’m escalating this complaint. Since 5 hours this is the the traffic jam I have the proofs 
@BJP4Delhi","
 pm panchsheel park metro to chirag delhi metro traffic jam packed a  minute delay at night and now the traffic inspector will be held accountable as im escalating this complaint since  hours this is the the traffic jam i have the proofs 
"
2447400191751274175,Saarthak Bajaj,2025-09-29T12:17:56.000Z,"@dtptraffic
 outer ring road soami nagar to chirag delhi road jam packed 
@BJP4Delhi
 
@BJP4India
 23 minutes delay and there are flyovers on this road. This is the capital we live in. Traffic police do nothing just collect challans. Their priority is really wrong.","
 outer ring road soami nagar to chirag delhi road jam packed 

 

  minutes delay and there are flyovers on this road this is the capital we live in traffic police do nothing just collect challans their priority is really wrong"
-2896383405914901861,OM ,2025-09-29T05:15:10.000Z,"@Noidatraffic
 
@ACPTrafficNoida
 what is the future plan to manage traffic jam just after Mahamaya flyover to DND on Delhi-Noida express-way. (In front of Dalit park). What is the use of U-turn at that point. No-one is  taking that U-turn. Cause of that road become narrow.","
 

 what is the future plan to manage traffic jam just after mahamaya flyover to dnd on delhinoida expressway in front of dalit park what is the use of uturn at that point noone is  taking that uturn cause of that road become narrow"
1185201575965227700,Deepak,2025-09-28T17:02:33.000Z,"The Delhi Police had caused a massive traffic jam. They were talking while parked in the middle of the road. Action should be taken against those two policemen. #delhitraffic 
@dtptraffic
 
@DelhiPolice","the delhi police had caused a massive traffic jam they were talking while parked in the middle of the road action should be taken against those two policemen delhitraffic 

 
"
5252566372912447710,Deepanshu Kapoor,2025-09-28T15:39:40.000Z,"@PMOIndia
 
@myogiadityanath
 
@myogioffice
 
@CMODelhi
 
@AmitShah
 Sir Kindly remove ILLEGAL ENROACHMENT from Lohari Gate Ck, Sadar Bazar, Teliwara & Mithai Pull  Delhi-6 on PERMANENT basis asp. Main Problems: 24×7 Traffic Jam, Eve teasing, Pickpocketing , Misbehave with Pedestrians.","
 

 

 

 

 sir kindly remove illegal enroachment from lohari gate ck sadar bazar teliwara  mithai pull  delhi on permanent basis asp main problems  traffic jam eve teasing pickpocketing  misbehave with pedestrians"
-3929996546563309139,Grok,2025-09-28T13:11:35.000Z,"In the bustling streets of Delhi this September, amid trending traffic chaos, a stylish woman in a golden saree hailed a ride. But when a massive jam delayed her by minutes, she flipped out: ""Traffic lag jaye toh driver ki galti? I won't pay your 300 Rs!"" She strutted away, phone",in the bustling streets of delhi this september amid trending traffic chaos a stylish woman in a golden saree hailed a ride but when a massive jam delayed her by minutes she flipped out traffic lag jaye toh driver ki galti i wont pay your  rs she strutted away phone
-4323084558986882606,Varanasi Vista,2025-08-22T08:43:32.000Z,"A college bus accident on the Pallavaram flyover halted traffic along GST Road and even caused delays in flights, as commuters struggled with the resulting gridlock.
#Chennai #TrafficChaos","a college bus accident on the pallavaram flyover halted traffic along gst road and even caused delays in flights as commuters struggled with the resulting gridlock
chennai trafficchaos"
3017241533502417800,VOMMspotter,2025-05-08T11:13:29.000Z,"Poor crowd management sir 
https://
m.economictimes.com/news/new-updat
es/ar-rahmans-concert-triggers-chaos-as-traffic-grinds-to-a-standstill-in-chennai-inquiry-launched-into-gridlock/amp_articleshow/103597530.cms
…","poor crowd management sir 

meconomictimescomnewsnewupdat
esarrahmansconcerttriggerschaosastrafficgrindstoastandstillinchennaiinquirylaunchedintogridlockamparticleshowcms
"
1159804425387010357,Scarlett Morales,2025-04-30T14:30:58.000Z,"Chennai Traffic Advisory For IPL Match Scheduled Today: All About Parking Arrangements
Chennai's arteries are about to pump with a whole lot more than just traffic today.  Let's hope they've actually planned for the inevitable gridlock – this isn'...","chennai traffic advisory for ipl match scheduled today all about parking arrangements
chennais arteries are about to pump with a whole lot more than just traffic today  lets hope theyve actually planned for the inevitable gridlock  this isn"
3175011642355171371,TIMES NOW,2024-11-08T03:38:49.000Z,"#Chennai: Key Routes in Traffic Gridlock after Brief Rain, IMD Predicts More Rain Ahead",chennai key routes in traffic gridlock after brief rain imd predicts more rain ahead
2067526488154513730,South First,2024-10-25T07:26:54.000Z,"Severe traffic congestion has caused a major disruption in the Korukkupet Ezhil Nagar area of North Chennai, with over a hundred two-wheelers and shared autos stuck for more than an hour. 

Commuters have been facing delays due to the gridlock, which is affecting movement in the","severe traffic congestion has caused a major disruption in the korukkupet ezhil nagar area of north chennai with over a hundred twowheelers and shared autos stuck for more than an hour 

commuters have been facing delays due to the gridlock which is affecting movement in the"
4921627983053721637,Bharanidharan I,2024-10-08T06:49:47.000Z,"Earlier in Sep 2023 ,
""Music Concert Triggers Chaos-as-Traffic grinds to a Standstill in Chennai""

@MLJ_GoI
 
@mygovindia
 
@NIMHANS_BLR
 

@WHO
 
@indSupremeCourt
 
@HMOIndia
 
@UNRSC","earlier in sep  
music concert triggers chaosastraffic grinds to a standstill in chennai


 

 

 


 

 

 
"
1448419831574105888,The Vocal News,2024-10-07T08:48:28.000Z,"Chaos at Chennai Air Show: 3 Dead as Millions Flock to Marina Beach, Traffic Gridlock Adds to Tragedy!
.
.
.
#Chennai #NewsUpdate #TrendingNow #TVN #TheVocalNews","chaos at chennai air show  dead as millions flock to marina beach traffic gridlock adds to tragedy



chennai newsupdate trendingnow tvn thevocalnews"
-1809273521302913682,DT Next,2024-10-06T09:09:13.000Z,"Chennai IAF Air Show fever grips Chennai: Commuters face traffic gridlock in multiple areas


@TinishaRachel


#dtnext #airshow #chennai #chennaiairshow #iaf #marinabeach #chennaiairshow2024 #indianairforce #akashganaga #suryakiranaerobaticteam #indianairforceday","chennai iaf air show fever grips chennai commuters face traffic gridlock in multiple areas





dtnext airshow chennai chennaiairshow iaf marinabeach chennaiairshow indianairforce akashganaga suryakiranaerobaticteam indianairforceday"
-5677044749081791876,Sunil Maheshwari,2024-07-03T05:29:42.000Z,"Hold your imagination’s horses, every mass event is seeing the same and waiting for tragic incidents to happen…..


https://
m.economictimes.com/news/new-updat
es/ar-rahmans-concert-triggers-chaos-as-traffic-grinds-to-a-standstill-in-chennai-inquiry-launched-into-gridlock/amp_articleshow/103597530.cms
…

#HathrasAccident","hold your imaginations horses every mass event is seeing the same and waiting for tragic incidents to happen



meconomictimescomnewsnewupdat
esarrahmansconcerttriggerschaosastrafficgrindstoastandstillinchennaiinquirylaunchedintogridlockamparticleshowcms


hathrasaccident"
-1629752504067299470,A.Ramachandran,2023-11-12T03:06:05.000Z,"This issue is there in major cities the problem with Blore is there is no one to regulate traffic, additional cops r needed to control the chaos else it will b a gridlock knowing the discipline that our citizens have.. Fri eve in chennai was similar but police did a wonderful job",this issue is there in major cities the problem with blore is there is no one to regulate traffic additional cops r needed to control the chaos else it will b a gridlock knowing the discipline that our citizens have fri eve in chennai was similar but police did a wonderful job
7616212073682864584,The Hindu - Chennai,2023-09-27T06:30:03.000Z,"Traffic snarls were a rarity at Anna Nagar until a decade ago. Now, motorists hit a roadblock at the Thirumangalam traffic junction and endure the daily ordeal of waiting for long hours, writes 
@LakshmiK06
. 


https://
trib.al/0d5guIK","traffic snarls were a rarity at anna nagar until a decade ago now motorists hit a roadblock at the thirumangalam traffic junction and endure the daily ordeal of waiting for long hours writes 

 



tribaldguik"
-7015809604336260979,harish,2023-08-19T13:57:04.000Z,"@ChennaiTraffic
 
@chennaicorp
 

Tgis is irritating daily. 1 hr of gridlock. City corporation gives approval for multiple amenities in nolambur including hirises, schools, sports complex.. but don't have a proper traffic maintenance and roads. Just hefty taxes... Thanks Chennai","
 

 

tgis is irritating daily  hr of gridlock city corporation gives approval for multiple amenities in nolambur including hirises schools sports complex but dont have a proper traffic maintenance and roads just hefty taxes thanks chennai"
-1299387675751075041,Sundara Rajan,2023-06-18T13:54:33.000Z,"Dear 
@ChennaiTraffic
 
Signal not working and horrible  traffic jam/gridlock and took 25 minutes to cross yesterday at 8.00PM. 
Location: Kamaraj Salai - PT Rajan Salai junction 

https://
maps.app.goo.gl/Ek5bjZgWnbEwrH
fV6
…

Kindly have a traffic police to regulate, until signal is repaired.","dear 

 
signal not working and horrible  traffic jamgridlock and took  minutes to cross yesterday at pm 
location kamaraj salai  pt rajan salai junction 


mapsappgooglekbjzgwnbewrh
fv


kindly have a traffic police to regulate until signal is repaired"
7175029912217879839,Raghavan JV,2023-03-16T04:25:25.000Z,"This traffic mismanagement and the Urban infrastructure mess starts from every Suburban areas of Chennai. Where most of ChennaiWasi's commute towards OMR n other Industrial Hubs. 
Complete Gridlock every day n night..

Proof that, Building Bridges doesn't not solve the problem.","this traffic mismanagement and the urban infrastructure mess starts from every suburban areas of chennai where most of chennaiwasis commute towards omr n other industrial hubs 
complete gridlock every day n night

proof that building bridges doesnt not solve the problem"
7141077893379356851,G.Ananthakrishnan,2022-09-21T12:06:02.000Z,"If prefab tech was used, #Chennai's storm drain work could have avoided traffic chaos. Also, Central Public Health & Environmental Engineering Organisation (CPHEEO) manual says runoff needs to be harvested, not wasted. 
https://
inmathi.com/2022/09/21/cou
ld-precast-drains-have-saved-chennai-from-gridlock/66278/
… Lessons for future 
@chennaicorp","if prefab tech was used chennais storm drain work could have avoided traffic chaos also central public health  environmental engineering organisation cpheeo manual says runoff needs to be harvested not wasted 

inmathicomcou
ldprecastdrainshavesavedchennaifromgridlock
 lessons for future 
"
-8120098645022359,Citizen Matters,2019-12-11T12:14:14.000Z,"Widespread building violations and indiscriminate parking has been a major cause of gridlock on the arterial GST road. #chennai #roadsafety 
@sattapanchayath
 
@southmadraspost
 


http://
chennai.citizenmatters.in/chennai-gst-ro
ad-traffic-and-building-violations-under-pallavaram-municipality-13227
…","widespread building violations and indiscriminate parking has been a major cause of gridlock on the arterial gst road chennai roadsafety 

 

 



chennaicitizenmattersinchennaigstro
adtrafficandbuildingviolationsunderpallavarammunicipality
"
6677179430528271626,Fabiola J,2019-10-01T06:29:01.000Z,"Major traffic gridlock on Mandaveli singnal... what's happening? #ChennaiTraffic 
@cctpolice
 #Chennai","major traffic gridlock on mandaveli singnal whats happening chennaitraffic 

 chennai"
-2591279964433129363,Aravind,2019-09-03T16:32:00.000Z,"If Chennai has a average north east monsoon there will be crazy amount of water logging, traffic jams and what not. 15 minutes rains causing gridlock almost..",if chennai has a average north east monsoon there will be crazy amount of water logging traffic jams and what not  minutes rains causing gridlock almost
-3870222028995444128,Sairam Gopalan,2019-06-14T22:52:00.000Z,"No checks and not s single traffic policemen are outside during peak hours. Visit Chennai and see how cops work during peak hours across the city

Yday after crossing 80 ft road on Koramangala was standing for an hour to cross Nous Info because U turn guys creates gridlock","no checks and not s single traffic policemen are outside during peak hours visit chennai and see how cops work during peak hours across the city

yday after crossing  ft road on koramangala was standing for an hour to cross nous info because u turn guys creates gridlock"
8149304639034691446,Economic Times,2019-01-14T14:30:00.000Z,"“If our traffic police can enforce lane discipline like they do in Chennai & Mumbai half of #Bengaluru’s traffic gridlock will be eliminated. All they need is to dent the bonnets of erring drivers with lathis n then no one will err”  

https://
economictimes.indiatimes.com/news/politics-
and-nation/biocon-chief-kiran-mazumdar-shaw-dent-vehicle-bonnets-to-discipline-violators/articleshow/67521548.cms?utm_source=twitter.com&utm_medium=Social&utm_campaign=ETTWMain
…","if our traffic police can enforce lane discipline like they do in chennai  mumbai half of bengalurus traffic gridlock will be eliminated all they need is to dent the bonnets of erring drivers with lathis n then no one will err  


economictimesindiatimescomnewspolitics
andnationbioconchiefkiranmazumdarshawdentvehiclebonnetstodisciplineviolatorsarticleshowcmsutmsourcetwittercomutmmediumsocialutmcampaignettwmain
"
6896895537788824018,Selvanayagam,2019-01-14T05:22:24.000Z,"“If our traffic police can enforce lane discipline like they do in Chennai & Mumbai, half of Bengaluru’s traffic gridlock will be eliminated. All they need is to dent the bonnets of erring drivers with lathis n then no one will err,” Kiran Mazumdar-Shaw 
  
https://
epaper.timesgroup.com/Olive/ODN/Time
sOfIndia/shared/ShowArticle.aspx?doc=TOICH%2F2019%2F01%2F14&entity=Ar00703&sk=BAD19B12&mode=text
…","if our traffic police can enforce lane discipline like they do in chennai  mumbai half of bengalurus traffic gridlock will be eliminated all they need is to dent the bonnets of erring drivers with lathis n then no one will err kiran mazumdarshaw 
  

epapertimesgroupcomoliveodntime
sofindiasharedshowarticleaspxdoctoichfffentityarskbadbmodetext
"
3831328201936345118,Kiran Mazumdar-Shaw,2019-01-13T07:18:54.000Z,"If our traffic police can enforce lane discipline like they do in Chennai & Mumbai half of Bengaluru’s traffic gridlock will be eliminated. All they need is to dent the bonnets of erring drivers with lathis n then no one will err 
@blrcitytraffic
 
@CMofKarnataka
 
@BPACofficial","if our traffic police can enforce lane discipline like they do in chennai  mumbai half of bengalurus traffic gridlock will be eliminated all they need is to dent the bonnets of erring drivers with lathis n then no one will err 

 

 
"
-6786149577499233001,News Today,2018-12-03T10:10:21.000Z,"Protest, Venkaiah event lead to traffic gridlock in #Chennai 
https://
newstodaynet.com/index.php/2018
/12/03/protest-venkaiah-event-lead-to-traffic-gridlock-in-chennai/
…","protest venkaiah event lead to traffic gridlock in chennai 

newstodaynetcomindexphp
protestvenkaiaheventleadtotrafficgridlockinchennai
"
-2016549760666724234,TOIChennai,2018-04-24T19:13:07.000Z,"Gridlock! As protesters snarl, Anna Salai traffic stands still 
http://
toi.in/nrqRtY","gridlock as protesters snarl anna salai traffic stands still 

toiinnrqrty"
-1430999833207009241,Yermal Shetty,2018-02-05T10:06:00.000Z,"@siddaramaiah
 Regarding traffic gridlock in the City, Bangalore Mirror has titled its feature story: “The city is coming apart at the seams.” There is an urgent need to invest in a Mass Rapid Transit System on the model of the suburban rail network in Chennai and Mumbai.","
 regarding traffic gridlock in the city bangalore mirror has titled its feature story the city is coming apart at the seams there is an urgent need to invest in a mass rapid transit system on the model of the suburban rail network in chennai and mumbai"
-4466711944110027560,DT Next,2017-01-24T04:30:37.000Z,"#Protests lead to #GridLock all over the city, #traffic thrown out of gear

http://
dtnext.in/News/City/2017
/01/24005901/1025991/Protests-lead-to-grid-lock-all-over-the-city-traffic-.vpf
… #ChennaiRiots #JallikattuProtest #Chennai","protests lead to gridlock all over the city traffic thrown out of gear


dtnextinnewscity
protestsleadtogridlockalloverthecitytrafficvpf
 chennairiots jallikattuprotest chennai"
-7137359379069005573,Fabiola J,2017-01-18T07:54:06.000Z,"Major traffic gridlock at Marina Beach, #Chennai it seems - thanks to #JusticeforJallikattu - so many jobless people in this city!!",major traffic gridlock at marina beach chennai it seems  thanks to justiceforjallikattu  so many jobless people in this city
-7255944122532824851,Ram Viswanathan,2016-08-29T12:50:31.000Z,Complete traffic gridlock in south Chennai now..Give lots of time to go anywhere,complete traffic gridlock in south chennai nowgive lots of time to go anywhere
-4506863477570978485,Shailesh K. PATHAK,2016-05-17T10:56:20.000Z,".
@yoginisd
 Am in Chennai right now, for a board meeting. Glorious weather. Despite rains, no major traffic jams or gridlock, unlike Delhi","

 am in chennai right now for a board meeting glorious weather despite rains no major traffic jams or gridlock unlike delhi"
6040740590947608298,DT Next,2016-04-17T04:58:34.000Z,"Easing the gridlock on #Chennai roads 
http://
dtnext.in/News/City/2016
/04/16190814/Easing-the-gridlock-on-Chennai-roads.vpf
…
#Traffic","easing the gridlock on chennai roads 

dtnextinnewscity
easingthegridlockonchennairoadsvpf

traffic"
